,LogReg (Mean),LogReg (SEM),RF (Mean),RF (SEM),GNB (Mean),GNB (SEM),SVM (Mean),SVM (SEM),SoftVoting (Mean),SoftVoting (SEM),HardVoting (Mean),HardVoting (SEM)
fit_time,0.5320062637329102,0.05820986488831535,7.150192022323608,0.10580492813302021,0.0321040153503418,0.0033903180323298795,102.27467481295268,0.19983735405488473,124.88237222035725,0.918890425573028,83.32204548517863,0.479760410074455
score_time,0.017182032267252605,0.0018240703624299696,0.8323250611623129,0.02945272133963236,0.031692186991373696,0.003426143150511214,48.39189807573954,0.9405120332562249,31.783225695292156,0.35575739064313605,0.007476647694905599,0.005447875088844488
test_ROC_AUC,0.6642357095616179,0.005098177157556886,0.6659529049447975,0.003535808481274107,0.6335660219372298,0.006674039831780732,0.6668083221539681,0.0012558427584859037,0.6733073075681394,0.005964850596919485,,
test_AUPRC,0.8140951761751335,0.03943623597966764,0.3605281979312693,0.014277876218198692,0.6448718929926961,0.008046399220564932,0.4658785828771835,0.01853528968306037,0.5281588582685318,0.010997748200251097,,
test_Precision,0.3162192657483845,0.005078357109502773,0.31659302956759866,0.0017786777949404722,0.4116406543744148,0.0142387198115101,0.3173687277318247,0.002982600215965852,0.42974696800783757,0.01143983850440185,,
test_Recall,0.6268611364326953,0.008039353725507722,0.642661804922516,0.00931118410577001,0.1513217866909754,0.009251496413028465,0.612275903980553,0.0023732147298409713,0.18170768763293832,0.016352019504191684,,
test_f1-score,0.4203665687039648,0.0061137330048496585,0.4241894575133068,0.0034846266133141896,0.22049481535945503,0.007508472685438682,0.4180326756554489,0.002860198984854016,0.2540030290092305,0.013742788803860193,,
