,mean_fit_time,std_fit_time,mean_score_time,std_score_time,param_lr__class_weight,params,split0_test_ROC_AUC,split1_test_ROC_AUC,split2_test_ROC_AUC,mean_test_ROC_AUC,std_test_ROC_AUC,rank_test_ROC_AUC,split0_test_Precision,split1_test_Precision,split2_test_Precision,mean_test_Precision,std_test_Precision,rank_test_Precision,split0_test_Recall,split1_test_Recall,split2_test_Recall,mean_test_Recall,std_test_Recall,rank_test_Recall,split0_test_f1-score,split1_test_f1-score,split2_test_f1-score,mean_test_f1-score,std_test_f1-score,rank_test_f1-score,split0_test_AUPRC,split1_test_AUPRC,split2_test_AUPRC,mean_test_AUPRC,std_test_AUPRC,rank_test_AUPRC
0,0.35286831855773926,0.006503706802632369,0.0730130672454834,0.00868731200950196,,{'lr__class_weight': None},0.6576659883535032,0.6650034682733253,0.6475601937563298,0.6567432167943862,0.0071510179686323115,2,0.5392156862745098,0.6039603960396039,0.4954954954954955,0.5462238592698697,0.044557038569011026,1,0.05013673655423884,0.05560619872379216,0.05013673655423884,0.051959890610756614,0.002578329193022961,2,0.09174311926605506,0.10183639398998331,0.09105960264900662,0.09487970530168166,0.004927029995910548,2,0.60867228118207,0.8331315783112069,0.7460046585921103,0.7292695060284623,0.09239604253943265,2
1,0.27312366167704266,0.07430673239931246,0.05982120831807455,0.023509696591197206,balanced,{'lr__class_weight': 'balanced'},0.658464499679404,0.6666069974481681,0.6491719923065622,0.6580811631447114,0.007122970412502479,1,0.3100358422939068,0.3147555961626313,0.3017163504968383,0.30883592965112544,0.005390443682787485,2,0.6308113035551504,0.6280765724703737,0.6089334548769371,0.6226071103008204,0.009732979263474306,1,0.41574046260138176,0.41935483870967744,0.4035034732709152,0.4128662581939914,0.00678293126408207,1,0.6917536772178692,0.9016155655521361,0.8197995190416043,0.8043895872705366,0.0863658981377017,1
